N,y_min,y_max,x_min,x_max
1,3699,3743,476,512
2,8649,8697,2900,2941
3,691,718,2255,2285
4,2598,2625,2909,2948
5,8300,8341,9573,9608
6,660,689,2239,2268
7,496,536,7045,7078
8,400,441,10092,10127
9715752166202
10,3234,3277,5308,5350
11,1781,1835,7458,7512
12,421,449,7262,7295
13,8927,8971,8497,8545
14,1700,1740,7470,7505
15,146,176,3590,3620
16,1053,1089,2627,2665
17,3333,3364,8555,8592
18284323877908
19,2650,2692,2080,2110
20,2584,2631,595,635
21,545,576,7108,7143
22,8761,8792,9361,9388
23,2509,2549,5454,5485
24,2442,2476,486,514
25,1668,1700,9707,9747
26,3100,3145,2079,2112
27,7636,7673,6045,6077
28,851,897,2743,2778
29,5807,5840,4116,4151
30,4370,4405,9624,9655
31,4472,4521,8427,8464
32,568,600,2148,2182
33,2346,2377,623,653
34,8091,8124,10390,10420
35,6106,6138,5432,5466
36,5772,5810,10304,10339
37,1522,1549,4302,4335
38,3041,3071,1951,1984
39,8306,8345,8357,8389
40,1015,1066,7096,7161
41,5688,5720,4677,4715
42,2384,2412,9143,9172
43,5481,5509,9294,9329
44,8072,8108,9788,9826
45,7396,7437,9398,9431
46,5757,5791,4796,4834
47,8164,8197,10126,10165
48,2130,2162,4809,4837
49,2858,2905,2227,2267
50,101,129,7486,7521
51,4483,4513,7557,7587
52,8273,8309,10203,10241
53,5072,5104,9670,9702
54,7376,7413,6216,6245
55,7204,7242,9996,10044
56,4624,4649,10080,10110
57,1500,1549,4554,4592
58,4267,4295,4255,4284
59,8394,8451,6103,6152
60,1753,1786,2678,2710
61,2850,2883,10489,10521
62,2681,2713,10472,10499
63,2819,2859,7119,7155
64,2452,2483,5353,5394
65,6387,6424,8329,8368
66,7094,7131,9971,10018
67,2032,2068,6614,6654
68,1778,1816,3145,3171
69,805,844,9578,9613
70,7552,7600,6430,6476
71,60,104,4044,4081
72,5653,5688,2987,3024
73,4008,4062,2504,2546
74,4848,4883,3520,3550
75,2841,2872,8756,8788
76,3495,3525,3948,3983
77,5916,5939,293,326
78,6774,6820,9772,9807
79,6580,6611,5903,5931
80,7596,7628,5974,6004
81,2368,2400,3502,3533
82,4177,4216,2591,2631
83,3528,3563,9704,9738
84,6207,6249,7948,7984
85,1657,1698,4532,4568
86,5839,5868,4961,4992
87,3692,3723,10416,10445
88,7147,7182,7959,7996
89,403,446,7907,7947
90,1844,1881,2773,2808
91,791,828,9022,9057
92,4010,4042,8177,8203
93,8603,8638,10164,10197
94,4015,4048,2936,2974
95,5256,5287,3173,3210
96,1886,1925,2779,2825
97,4966,4999,8174,8205
98,7046,7077,5066,5100
99,3375,3408,852,884
100,1177,1214,9480,9516
101,5959,5998,4775,4811
102,7402,7436,9498,9539
103,8667,8704,8134,8166
104,1580,1612,8751,8779
105,6958,6996,4341,4375
106,332,371,6531,6566
107,1630,1671,9521,9554
108,6422,6460,1159,1200
109,622,653,2188,2223
110,5586,5621,5885,5918
111,2363,2404,1820,1851
112,8013,8047,9821,9859
113,1066,1107,3,37
114,2414,2453,5694,5723
115,169,204,5722,5748
116,3923,3957,1496,1523
117,451,480,10147,10184
118,904,934,7431,7464
119,3171,3213,10479,10518
120,2415,2448,7962,7993
121,4305,4344,7767,7809
122,3666,3692,9735,9764
123,1378,1411,9133,9172
124,4919,4948,9020,9055
125217256889929
126,4562,4589,1304,1335
127,6608,6641,5104,5131
128,5899,5945,2512,2548
129,8361,8389,8447,8482
130,5026,5071,2688,2719
131,5737,5764,605,636
132,6526,6567,7929,7966
133,2362,2392,9215,9241
134,2903,2940,7151,7186
135,1572,1600,4260,4293
136,3376,3415,10237,10281
137,527,563,7569,7597
138,2865,2894,9335,9368
139,4128,4174,2915,2951
140,126,165,10324,10371
141,489,530,10498,10540
142,4157,4199,2508,2543
143,7913,7937,8234,8257
144,3646,3674,4143,4174
145,590,615,6917,6946
146,6622,6648,7071,7100
147,6601,6634,7955,7994
148,116,140,3581,3609
149,8537,8574,3665,3695
150,2485,2523,2078,2115
151,5483,5524,4923,4954
152,5080,5118,9550,9582
153,5193,5226,9900,9933
154,7211,7246,7844,7883
155,8486,8515,9976,10008
156,4663,4695,7838,7872
157,3071,3102,1961,1996
158,8879,8910,810,847
159,5809,5839,4949,4984
160,3402,3434,4040,4075
161,7808,7841,10429,10468
162,2800,2832,8756,8791
163,2000,2035,1978,2014
164,369,402,6285,6321
165,153,187,10152,10197
166,3862,3896,7236,7272
167,451,479,7262,7296
168,7457,7487,1480,1508
169,8050,8080,10384,10416
170,2323,2354,611,638
171,6639,6674,5877,5910
172,5911,5946,9375,9404
173,8319,8361,4962,4995
174,3817,3848,9814,9849
175,4421,4461,9318,9351
176,4009,4050,7692,7722
177,7409,7442,9236,9273
178,1500,1531,5516,5557
179,7316,7344,2760,2787
180,7177,7210,2322,2346
181,7428,7460,6110,6144
182,1566,1610,9358,9391
183831867301339
184,1014,1045,7566,7596
185,6094,6123,4899,4930
186,2854,2893,8835,8868
187,2750,2785,6804,6837
188,3968,4005,4904,4936
189,5764,5808,5337,5389
190,7098,7148,2109,2143
191,4763,4804,1392,1427
192,8562,8592,1155,1179
193,6352,6387,5448,5475
194,6644,6674,9962,9994
195,4380,4425,8373,8409
196,944,978,6374,6406
197,1953,1984,7105,7133
198,5688,5723,9052,9087
199,2914,2952,6139,6169
200,3632,3656,7656,7686
201,3023,3060,2536,2566
202,3905,3941,763,806
203,8394,8436,2863,2915
204,1140,1176,10500,10547
205,6208,6243,5124,5161
206,636,677,7087,7119
207,2387,2417,619,648
208,7518,7552,10057,10099
209,2641,2673,1864,1904
210,6549,6589,5169,5212
211,7892,7928,10156,10195
212,1871,1918,4314,4342
213,8248,8288,9085,9120
214,6821,6857,8666,8704
215,5780,5815,2567,2603
216,5481,5523,5910,5945
217,8924,8962,814,845
218,453,497,5597,5645
219485521847875
220,7437,7470,9441,9481
221,5303,5328,7662,7692
222,6914,6937,4441,4465
223773813464505
224,4681,4707,334,366
225,2617,2656,5470,5508
226,6161,6190,5123,5152
227,5696,5735,4601,4639
228,5877,5913,3360,3392
229,564,603,10212,10246
230,3099,3128,3973,4008
231,8923,8952,246,281
232,6757,6790,5802,5833
233,589,628,7231,7264
234,495,532,10373,10407
235,8396,8432,799,828
236,2110,2150,3469,3504
237,2939,2982,6298,6331
238,8228,8264,4209,4258
239,3152,3178,6747,6775
240,8582,8609,5652,5684
241,4492,4530,1378,1408
242,3670,3703,7730,7754
243,2733,2769,2082,2122
244,753,784,9135,9171
245,8423,8451,1189,1222
246,6701,6738,8897,8942
247,8339,8369,6766,6794
248,3212,3247,8686,8713
249,6516,6559,6511,6546
250,2346,2370,8805,8836
251,4611,4640,2814,2845
252,3904,3935,2220,2257
253,4458,4492,9297,9329
254,4140,4176,4807,4840
255,6770,6790,7115,7142
256,1744,1782,8289,8322
257,833,859,5403,5432
258,1553,1591,1491,1524
259,6158,6185,10079,10113
260,6192,6225,4739,4776
261,2043,2075,5983,6010
262,6785,6822,5827,5857
263,8543,8578,9908,9937
264,5696,5729,10456,10482
265,5948,5978,4974,5009
266,1611,1642,2239,2270
267,907,938,5334,5361
268,7329,7366,10061,10097
269,4139,4168,10204,10242
270,8265,8299,3274,3305
271,5844,5874,4650,4687
272,1748,1781,3030,3062
273,5805,5837,9012,9058
274,5536,5570,5243,5286
275,3530,3564,2429,2455
276,7955,7992,6045,6090
277,2729,2750,8822,8848
278,1828,1855,10336,10364
279,1654,1685,8261,8296
280,2840,2876,9362,9389
281,5820,5855,9247,9278
282,6793,6827,8540,8578
283,985,1014,5253,5280
284,3409,3442,1700,1735
285,2985,3039,2245,2285
286,2558,2583,8792,8814
287,3311,3347,1944,1978
288,4430,4468,1312,1349
289,1023,1065,2986,3027
290,7293,7326,6365,6411
291,3570,3610,390,433
292,3177,3205,1552,1577
293,4676,4706,5793,5819
294,5596,5628,5145,5173
295,5773,5806,4564,4603
296,4591,4624,935,969
297,1979,2014,3503,3538
298,2500,2535,4318,4357
299,776,807,8521,8551
300,7804,7842,8221,8255
301,4400,4435,5866,5908
302,5383,5422,8141,8173
303,2682,2722,9271,9316
304,2643,2681,6714,6745
305,2310,2343,8882,8910
306,1377,1408,8300,8334
307,6085,6114,5033,5063
308,4701,4733,4380,4419
309,6517,6549,7825,7871
310,2321,2356,8921,8946
311,4771,4803,232,261
312,3300,3330,1860,1886
313,3653,3693,2344,2375
314,181,212,5695,5722
315,8023,8058,6127,6172
316,673,706,7,48
317,6441,6479,5206,5244
318,8518,8548,9991,10024
319,1952,1988,1952,1988
320,3075,3106,623,650
321,741,773,8517,8548
322,646,686,7192,7222
323,1115,1152,9502,9537
324,3594,3630,3919,3952
325,981,1018,6417,6443
326,1548,1576,4294,4328
327,131,175,7925,7967
328,5100,5130,8729,8765
329,3491,3520,3846,3882
330,3755,3785,4662,4694
331,478,512,6541,6583
332,5823,5853,503,539
333,223,251,9119,9149
334,6425,6460,5411,5453
335,4038,4066,10028,10054
336,6588,6613,926,959
337,6534,6571,9798,9841
338,7150,7177,2295,2322
339,6271,6304,9076,9115
340,4830,4870,1449,1480
341,440,476,9657,9687
342,2441,2480,7507,7542
343,1624,1658,7451,7489
344,2884,2913,6523,6560
345,4253,4284,3880,3914
346,1032,1067,951,982
347,7681,7721,2485,2515
348,2660,2694,2204,2239
349,6018,6048,8248,8273
350,7687,7742,9189,9237
351,2698,2727,9720,9754
352,3091,3129,5184,5215
353,8320,8354,9007,9050
354,3654,3691,1673,1704
355,8195,8233,9633,9664
356,677,716,6463,6497
357,2321,2358,5980,6007
358,8421,8455,584,618
359,5834,5863,4514,4551
360,2862,2890,1394,1426
361,3096,3121,6527,6570
362,5432,5461,5599,5633
363,68,103,10020,10061
364,706,748,6531,6566
365,4023,4059,7505,7553
366,7957,7997,10225,10261
367,8824,8858,3032,3063
368,127,155,10152,10181
369,3759,3789,10126,10152
370,8839,8864,6673,6699
371,3762,3794,3072,3102
372,6205,6236,10095,10122
373,3184,3227,487,522
374,2463,2495,966,997
375,4110,4149,7215,7249
376,4805,4832,9368,9394
377,2515,2544,4254,4292
378,2317,2353,1951,1994
379,6999,7049,4194,4242
380,5116,5150,8696,8731
381,2323,2354,5948,5972
382,5595,5631,2908,2939
383,7764,7794,6216,6251
384,3540,3579,4041,4081
385,2953,2990,8451,8497
386,5986,6018,4688,4720
387,1709,1744,9248,9291
388,7189,7223,8204,8246
389,1486,1512,4263,4295
390,6512,6554,7228,7264
391,2090,2125,551,583
392,5123,5153,4856,4896
393,6729,6770,9640,9676
394,8382,8412,773,806
395,2465,2496,1954,1993
396,1759,1780,4887,4917
397,3989,4022,1850,1884
398,5265,5301,3212,3242
399,4733,4776,1492,1525
400,6591,6619,3376,3405
401,6354,6394,1178,1225
402,2906,2951,4988,5024
403,1244,1274,3454,3478
404,165,196,10298,10332
405,6823,6854,5812,5848
406,8112,8151,573,607
407,8593,8622,5870,5901
408,4164,4202,7801,7836
409,8704,8747,4819,4847
410,1345,1378,7259,7289
411,4515,4549,837,872
412,3041,3074,7028,7068
413,4428,4459,9245,9279
414,5301,5328,4418,4445
415,3757,3786,10161,10187
416,7650,7678,6108,6149
417,2426,2455,461,494
418,879,920,2859,2893
419,2370,2402,650,676
420,1739,1766,4912,4938
421,3829,3856,455,486
422,1653,1691,7420,7458
423,4232,4260,4277,4305
424,8686,8719,8064,8102
425,1988,2016,586,619
426,2723,2763,8904,8938
427,1995,2020,8318,8346
428,4887,4926,9091,9124
429,2770,2803,1511,1542
430,4581,4612,9284,9318
431,7574,7607,6192,6224
432,8671,8707,10001,10031
433,299,331,3280,3319
434,2830,2864,9317,9349
435,4201,4229,3919,3954
436,1387,1419,7256,7286
437,7719,7761,10484,10519
438,3822,3859,9244,9288
439,2256,2294,3474,3507
440,8875,8889,6341,6354
441,6767,6798,6780,6807
442,7097,7130,10509,10541
443,6065,6095,5184,5218
444,7939,7970,8913,8942
445,5385,5418,4491,4527
446,3354,3384,9264,9287
447,1645,1683,7496,7531
448,5269,5302,8856,8888
449,6647,6678,5764,5797
450,3769,3815,9189,9227
451,4391,4435,8282,8315
452,5538,5575,8951,8984
453,3731,3770,2344,2382
454,7165,7204,10297,10338
455,4437,4477,7721,7756
456,3923,3952,10046,10073
457,1546,1582,5623,5658
458,366,403,7160,7190
459,8594,8632,9267,9297
460,4707,4739,9322,9351
461,323,350,9420,9453
462,1386,1423,9213,9252
463,4157,4192,4842,4882
464,1440,1471,2123,2144
465,3983,4020,2384,2425
466,7377,7414,9425,9463
467,226,255,9696,9729
468,2349,2381,7124,7148
469,2033,2064,5455,5481
470105138746772
471,2059,2092,6498,6536
472,1276,1305,3409,3440
473,1502,1536,4240,4266
474,7927,7966,10387,10427
475,4675,4714,1428,1468
476,2264,2294,7044,7076
477,6577,6609,5734,5768
478,1080,1107,7289,7322
479,6596,6628,10479,10519
480,742,782,6446,6480
481,3608,3646,10175,10209
482,2599,2633,2855,2893
483,4092,4123,3588,3627
484,4827,4865,4254,4291
485,6650,6693,9014,9048
486,5825,5856,4717,4745
487,3188,3218,2900,2930
488,6458,6497,6335,6369
489,311,347,5362,5390
490,2027,2058,467,503
491,3794,3838,2970,3005
492,6023,6056,4655,4695
493,2548,2580,6604,6639
494,8123,8155,10456,10486
495,3234,3267,2754,2783
496,5887,5927,2141,2177
497,2724,2749,904,934
498,1239,1287,2780,2823
499,8390,8416,9794,9815
500,995,1029,6507,6534
501,992,1026,8320,8348
502,11,43,10019,10050
503,7663,7690,8355,8380
504,727,754,7555,7593
505,7748,7778,6246,6278
506,7776,7805,8607,8632
507,6151,6187,9969,9997
508,920,948,8172,8209
509,1420,1451,7220,7253
510,8945,8978,2099,2133
511727763136167
512,6074,6124,5630,5667
513,1726,1753,4853,4883
514,6238,6261,7702,7731
515,1746,1790,4025,4061
516,5280,5315,4334,4371
517,6735,6775,8647,8690
518,2971,3005,6926,6966
519,2340,2366,1183,1209
520,2335,2366,8781,8803
521,1905,1938,8911,8956
522,8460,8488,9839,9875
523,5112,5149,665,712
524,7662,7693,9980,10020
525,7103,7135,4802,4834
526,8575,8610,9948,9979
527,6806,6836,7806,7844
528,2824,2862,8723,8756
529,8278,8311,3963,4011
530,7160,7188,6045,6069
531,32,68,8566,8594
532,2622,2658,6632,6663
533,8966,8996,5097,5124
534,6863,6894,8746,8789
535795820612640
536,7206,7241,6015,6048
537,19,55,10101,10130
538,456,496,6286,6316
539,399,424,9890,9914
540,2445,2476,4266,4307
541,5104,5138,5244,5286
542,8787,8815,9338,9368
543,2350,2378,7742,7777
544,127,160,7252,7275
545,1827,1856,3866,3894
546,531,563,9589,9623
547,4592,4624,7841,7876
548,490,530,10407,10444
549,3049,3087,2174,2215
550,4018,4049,8217,8243
551,6676,6705,5756,5788
552,6319,6358,7911,7941
553,4644,4672,10064,10088
554,6122,6153,4715,4744
555,1357,1383,7164,7200
556,400,448,8082,8120
557,8844,8867,1075,1098
558,7695,7739,8532,8568
559,2737,2769,6706,6743
560,1326,1357,3162,3192
561,3975,4001,10271,10306
562,8750,8778,928,964
563,6079,6106,4950,4980
564,3057,3088,6159,6194
565,741,773,8552,8584
566,5688,5721,4871,4909
567,6659,6686,9289,9314
568,2072,2114,6405,6446
569,6717,6744,9358,9387
570,4803,4835,4762,4808
571,3351,3379,3547,3582
572,4901,4936,4189,4228
573,4155,4189,7606,7651
574,6802,6833,7905,7935
575,6230,6258,7450,7475
576,5589,5623,5393,5422
577,1095,1123,1446,1477
578,5405,5442,4970,5014
579,8490,8525,10198,10235
580,4522,4553,3834,3864
581,4320,4350,4330,4359
582,231,267,4956,4990
583,8092,8128,10361,10390
584,2414,2454,7561,7591
585,2688,2726,6304,6337
586,6706,6736,9248,9277
587,2492,2524,4066,4099
588,3657,3698,1151,1187
589,2276,2307,2400,2438
590,4808,4854,4548,4590
591,1188,1225,10292,10324
592,7668,7705,1152,1179
593,3151,3191,10213,10242
594,8323,8361,10440,10478
595,2401,2435,8125,8156
596,7209,7235,3202,3228
597,2629,2655,8470,8495
598,4327,4361,9650,9688
599,7399,7430,2243,2270
600,3802,3839,2220,2251
601,6031,6055,5592,5625
602,6720,6758,5883,5916
603,1548,1584,4243,4270
604,7794,7821,8574,8605
605,1829,1862,2192,2220
606,3149,3182,2730,2759
607,6515,6547,10456,10491
608,6627,6661,5206,5236
609461494794821
610,5874,5908,4544,4575
611,61,100,9786,9814
612,7947,7990,7574,7615
613,6297,6325,4774,4804
614,6550,6580,5090,5122
615,966,996,5271,5300
616,5843,5878,9223,9253
617,8381,8410,1231,1257
618,5523,5552,5102,5136
619,4037,4074,3548,3583
620,2518,2547,6839,6861
621,4416,4456,6022,6059
622,3490,3529,1662,1688
623,3682,3712,45,81
624,2553,2589,479,519
625,2617,2659,2036,2074
626,5589,5631,4754,4785
627,8296,8332,9668,9704
628,4547,4582,7682,7723
629,3829,3857,9979,10005
630,7882,7913,8559,8588
631,6171,6211,5372,5407
632,3463,3498,220,257
633,4987,5027,9387,9418
634,5465,5501,3252,3291
635,322,365,3527,3569
636,8617,8647,5861,5892
637,4983,5018,4162,4188
638,1602,1638,5133,5162
639,4920,4963,4267,4301
640,272,294,9678,9718
641,8470,8510,730,760
642,8413,8442,1158,1189
643,939,974,7376,7407
644,2766,2804,7076,7117
645,6608,6637,5925,5961
646240277810844
647,4059,4092,8153,8183
648,5660,5698,8929,8963
649,7679,7707,8377,8407
650,8010,8051,7520,7557
651,1585,1626,1292,1326
652711744826856
653,7450,7481,6734,6771
654,5248,5286,3647,3677
655,5709,5737,10331,10373
656,8950,8987,783,810
657,6305,6337,8982,9018
658,6217,6255,4911,4941
659,2195,2226,4946,4975
660,2206,2235,3470,3507
661,1362,1395,2186,2227
662,7964,7989,2490,2529
663,5212,5241,9661,9699
664,1380,1412,7200,7231
665,2717,2747,8781,8805
666,7760,7783,5557,5579
667,2558,2585,8579,8605
668,8254,8278,9712,9742
669,6588,6631,6535,6586
670,6596,6632,5961,5989
671,1609,1643,6753,6794
672,6157,6191,5027,5064
673,6339,6368,7474,7493
674,1540,1585,6674,6711
675,1160,1176,3490,3514
676,5809,5847,3320,3349
677,4736,4770,254,279
678,7077,7118,4300,4349
679,4595,4627,4111,4134
680,7274,7304,10103,10135
681,5445,5475,4922,4955
682,4105,4136,7664,7698
683,2490,2527,7554,7586
684,6509,6541,1284,1313
685,5364,5390,4417,4445
686,3658,3679,1823,1862
687,6217,6253,10242,10268
688,682,718,10428,10465
689,4615,4643,5856,5886
690,782,807,7100,7127
691,577,618,5947,5986
692,359,400,6648,6679
693,6378,6412,7669,7698
694,3653,3687,8121,8149
695,531,581,7402,7446
696,8613,8640,5653,5682
697,4157,4190,4915,4955
698,7889,7915,8664,8693
699,4721,4751,4469,4505
700,3113,3146,2779,2811
701,2854,2880,907,936
702,6511,6540,1255,1283
703,3121,3149,6742,6768
704,1549,1583,2161,2199
705,122,153,5912,5943
706,5792,5804,5263,5275
707,4922,4959,7977,8004
708,895,921,8052,8077
709,4663,4691,2680,2715
710,4387,4421,3755,3784
711,6645,6677,7898,7939
712,6888,6920,5162,5187
713,3013,3052,8535,8562
714,7233,7261,3225,3254
715,3146,3182,9027,9065
716,908,930,7053,7081
717,486,513,7166,7200
718,7555,7591,10096,10133
719,6164,6190,7679,7705
720,1107,1160,9743,9785
721,4499,4537,1337,1371
722,6938,6970,5086,5118
723,2148,2176,4887,4921
724,7675,7709,7324,7354
725,8254,8286,8364,8405
726318350790825
727,8344,8371,4297,4324
728,4218,4257,10428,10479
729,8225,8263,10046,10079
730,8394,8434,7946,7975
731,2022,2060,7027,7062
732,2427,2459,4047,4077
733,1662,1688,2070,2103
734,6153,6184,4914,4938
735,8399,8435,8893,8939
736,5161,5194,4788,4824
737,2412,2442,8881,8916
738,295,324,9120,9152
739,3906,3940,7277,7316
740,842,868,9454,9484
741,5835,5868,440,470
742,5415,5450,5532,5563
743,894,917,7081,7098
744,4341,4372,7595,7638
745,6670,6694,9242,9271
746,1245,1273,3379,3409
747,5732,5762,5987,6024
748,8482,8509,9822,9857
749,6403,6432,7420,7448
750,8282,8306,9703,9726
751,3389,3417,3615,3646
752,1204,1233,3314,3339
753,1995,2023,7101,7131
754,957,994,1471,1503
755,4027,4067,9204,9246
756,4979,5011,3981,4011
757162191757791
758,6737,6771,7800,7835
759,3097,3128,2815,2840
760,2645,2678,9717,9742
761,1443,1485,6641,6681
762,7652,7690,8698,8734
763,3033,3069,10489,10522
764,5071,5097,8681,8712
765,7299,7328,2788,2814
766,1041,1078,1038,1069
767,6170,6210,3725,3759
768,1122,1152,7354,7387
769,2471,2509,4366,4396
770,7280,7316,9598,9625
771,2890,2918,785,817
772,1619,1657,9272,9302
773,4644,4673,5845,5881
774,1834,1872,4180,4215
775,5225,5252,10421,10450
776,1872,1899,3826,3853
777,8758,8792,2918,2949
778,8484,8523,5902,5947
779,2786,2813,5780,5807
780,5058,5100,5972,6012
781,3554,3584,2402,2436
782,6596,6622,7057,7076
783,5915,5942,354,393
784,3147,3182,10300,10343
785,253,286,5806,5832
786,7704,7738,1853,1878
787,150,187,8124,8168
788,4636,4663,5965,5999
789,8711,8746,9382,9420
790,1118,1143,3565,3592
791,3324,3355,8235,8271
792,5954,5995,10432,10469
793,2354,2381,7095,7122
794,40,79,6297,6327
795,1405,1441,2102,2138
796,2966,3000,3551,3583
797,8823,8865,944,977
798,6090,6120,568,606
799,309,345,10274,10304
800,6802,6833,5875,5909
801,5319,5344,7643,7670
802,5379,5414,2,33
803,6000,6035,4576,4608
804,2725,2760,6564,6594
805,2532,2570,6980,7020
806,930,974,7251,7289
807,7317,7359,6135,6174
808,4109,4138,9280,9306
809,2665,2692,1528,1556
810,8834,8866,8445,8477
811,7261,7287,10146,10180
812,7340,7368,6484,6507
813,6091,6117,7559,7583
814,6562,6595,9126,9158
815,596,638,5873,5905
816,8717,8749,0,30
817,2473,2502,5466,5499
818,155,181,10108,10136
819,4429,4459,2755,2783
820,5265,5302,3688,3719
821,4101,4131,7497,7527
822,2252,2284,4876,4908
823126155678711
824,219,255,10317,10352
825,5202,5233,8876,8909
826,2601,2638,2948,2977
827,7610,7646,9932,9970
828,3371,3405,9280,9304
829,2503,2530,972,999
830,8121,8150,1584,1612
831,3924,3954,10019,10047
832,884,918,8518,8547
833,5788,5814,3707,3736
834,473,510,8061,8090
835,114,145,9654,9695
836,6052,6098,2072,2116
837,2979,3009,5857,5888
838,7115,7148,8164,8187
839,2719,2755,6833,6865
840,5499,5534,4836,4875
841,8132,8168,6087,6114
842,3872,3899,448,478
843,8606,8633,7248,7282
844,7881,7916,8631,8659
845,8017,8060,641,677
846,2696,2719,8525,8555
847,8772,8804,4868,4908
848,3041,3072,4732,4770
849,3294,3324,1890,1912
850,24,69,9472,9503
851,4482,4515,851,881
852,2690,2719,2783,2810
853,253,285,5582,5613
854,5874,5913,5431,5464
855,2033,2064,2250,2289
856,3069,3110,9019,9049
857,3373,3403,1652,1688
858,1932,1965,10161,10192
859,7282,7320,9414,9445
860,8266,8305,10396,10432
861,3696,3733,1731,1759
862,4386,4415,1281,1319
863,229,257,5721,5749
864,6112,6137,7535,7561
865,8916,8943,4765,4806
866,3554,3586,207,242
867,5900,5931,578,614
868,6578,6608,8947,8981
869,2348,2370,5958,5990
870,5662,5690,9880,9913
871,5679,5707,5394,5427
872,3155,3187,2248,2286
873,4567,4603,4700,4742
874,2188,2224,2017,2047
875,7457,7493,9987,10020
876,7752,7790,2088,2114
877,1444,1485,2252,2284
878,8396,8425,1209,1235
879,5887,5919,10185,10223
880,3696,3726,3165,3191
881,5463,5498,8363,8395
882,2695,2730,8643,8672
883,5227,5266,9573,9601
884,2546,2576,7090,7118
885,2020,2059,2301,2328
886,2892,2926,6212,6248
887,6010,6036,5629,5655
888,7991,8026,2506,2535
889,5678,5714,4535,4569
890,7835,7865,1615,1642
891,2459,2497,5401,5434
892,7774,7815,4073,4110
893,3048,3083,8461,8501
894,1128,1155,3402,3430
895,5623,5654,4590,4634
896,7380,7418,9306,9340
897,5933,5957,4801,4826
898,8744,8764,6692,6717
899,8633,8672,4910,4939
900,5921,5954,10141,10178
901,1592,1627,9175,9213
902,2434,2472,5578,5615
903,5739,5769,4904,4932
904,267,301,9414,9439
905,6233,6264,8415,8447
906,500,525,8041,8065
907,8469,8496,7892,7929
908,2569,2610,5337,5364
909,834,857,2931,2956
910,2048,2091,2606,2633
911,2505,2552,8084,8156
912,1360,1391,8351,8380
913,8029,8074,7649,7687
914,6454,6483,8234,8271
915,6490,6511,4924,4948
916,4124,4149,8801,8835
917,6264,6299,8950,8987
918,7603,7634,6180,6210
919,3814,3840,3045,3079
920,9005,9031,6684,6706
921,7672,7711,8593,8627
922,4708,4735,5076,5108
923,4102,4136,10156,10192
924,3462,3493,6336,6371
925,2749,2778,10426,10464
926,6638,6673,5727,5757
927,3280,3312,3954,3981
928,3640,3667,6409,6435
929,6610,6638,9838,9875
930,2471,2503,4200,4235
931,6244,6273,4794,4824
932,6488,6522,9332,9365
933,106,136,7366,7389
934,6202,6236,10123,10154
935,4940,4975,9048,9083
936,8931,8968,8830,8862
937,2520,2556,10043,10070
938,6471,6510,8159,8193
939,2072,2102,7092,7123
940,7721,7760,5773,5805
941,218,246,5687,5717
942,439,476,9574,9607
943,21,52,8794,8824
944,5544,5573,5078,5113
945,7472,7501,10509,10535
946,3856,3893,228,256
947,5849,5888,5188,5226
948,4587,4623,5241,5285
949,5597,5624,3807,3839
950,2872,2911,7554,7592
951,2355,2380,7649,7687
952,1808,1840,10247,10277
953,3040,3063,4952,4983
954,8960,8998,8777,8805
955,3608,3631,4134,4165
956,8189,8226,10234,10267
957,5979,6004,5167,5200
958,2810,2839,9346,9379
959,6055,6092,4799,4843
960,3083,3122,10212,10250
961,778,811,9416,9455
962,5452,5480,10512,10546
963,940,972,8433,8465
964818846602632
965,8765,8788,6698,6723
966,3740,3770,3196,3225
967,5295,5334,9958,9994
968,2834,2865,9198,9244
969,2032,2078,8891,8936
970,4527,4560,1287,1319
971,6901,6934,8749,8795
972,897,930,7524,7555
973,6369,6408,4815,4850
974,6440,6465,4451,4480
975,5856,5889,730,759
976,1325,1365,4543,4577
977,6791,6827,4392,4419
978,3222,3254,3570,3606
979,333,365,9525,9558
980,6254,6280,10354,10384
981,8996,9028,4653,4689
982,79,105,6361,6399
983,809,847,6522,6560
984,5798,5847,10471,10508
985,3974,4017,7241,7271
986,4338,4370,4122,4150
987,8958,8979,1051,1074
988,4221,4254,9254,9284
989,840,871,5118,5163
990,6725,6753,9957,9995
991,8896,8929,8552,8585
992,5670,5705,2723,2759
993,8793,8810,6680,6708
994,7441,7480,2203,2228
995,2158,2195,4794,4821
996,5500,5539,5343,5371
997,5648,5680,9405,9430
998,6686,6716,7941,7973
999,2972,3008,5288,5327
1000,7277,7311,9650,9679
1001,4800,4839,334,373
1002,1011,1046,7541,7567
1003,341,379,7076,7106
1004,8374,8403,6750,6778
1005,7283,7318,6212,6244
1006,7556,7592,10187,10223
1007,8122,8154,6066,6088
1008,6260,6292,5352,5380
1009,6168,6190,7617,7648
1010,5957,5993,9283,9308
1011,2872,2915,2104,2142
1012,2517,2539,6858,6881
1013,6464,6498,1236,1268
1014,2873,2918,2346,2393
1015,4660,4711,471,528
1016,805,837,8511,8542
1017,8103,8124,9887,9911
1018,4438,4479,5945,5975
1019,6300,6340,1075,1128
1020,4365,4395,4153,4183
1021,6929,6969,4911,4943
1022,141,170,7441,7473
1023,579,620,10462,10491
1024,7717,7743,8375,8400
1025,6649,6675,9259,9286
1026,8887,8919,2053,2086
1027,8215,8243,9688,9721
1028,2061,2085,9294,9320
1029,6511,6555,7562,7603
1030,3399,3441,3892,3929
1031,378,412,9470,9498
1032,6317,6346,7604,7635
1033,5756,5793,10392,10420
1034,3174,3205,7071,7107
1035,6547,6586,1114,1159
1036,7718,7745,8408,8432
1037,3649,3671,7629,7656
1038,6458,6497,9935,9964
1039,2335,2370,9157,9186
1040,4546,4572,815,852
1041,5502,5536,5183,5214
1042,1317,1351,3191,3216
1043,1237,1262,3420,3450
1044,8676,8717,4856,4896
1045,8883,8902,6633,6658
1046,7208,7245,8874,8910
1047,7931,7962,6500,6541
1048,4046,4072,8112,8146
1049,3705,3738,18,51
1050,5661,5693,5606,5637
1051,7632,7658,6781,6806
1052,551,566,8696,8709
1053,8058,8093,9895,9933
1054,894,920,5291,5320
1055,4395,4422,9648,9686
1056,1323,1353,7165,7199
1057,3739,3767,214,252
1058,3137,3176,349,379
1059,6490,6521,8231,8272
1060,3006,3044,3613,3642
1061,6185,6216,10005,10036
1062,8370,8399,9811,9836
1063,2809,2839,6370,6406
1064,4395,4429,1217,1249
1065,5259,5284,10339,10374
1066,6297,6323,7422,7447
1067,5224,5255,3136,3170
1068,2692,2727,7152,7197
1069,7755,7782,5537,5557
1070,4179,4209,9268,9299
1071,7021,7054,4805,4844
1072,804,839,8043,8079
1073,7386,7412,3271,3302
1074,5430,5460,55,92
1075,1034,1080,4980,5014
1076,3234,3275,524,557
1077,1474,1513,9058,9098
1078,4996,5031,8739,8768
1079,3324,3354,1989,2016
1080,4049,4073,8064,8089
1081,148,187,8999,9027
1082,2758,2801,9376,9426
1083,7670,7691,6770,6801
1084,6605,6640,5252,5279
1085,5873,5905,10425,10465
1086,2036,2067,7089,7121
1087,2749,2782,828,860
1088,2147,2178,5635,5661
1089,1545,1589,1380,1418
1090,1992,2015,7381,7406
1091,3376,3405,2969,2999
1092,4520,4545,5812,5833
1093,4661,4697,4512,4554
1094,2888,2920,8759,8797
1095,8007,8048,6257,6300
1096,6318,6358,5207,5236
1097,6221,6256,10466,10498
1098,1004,1041,42,80
1099,7579,7613,5921,5953
1100,6284,6308,7436,7465
1101,2719,2753,6432,6459
1102,3241,3277,1816,1850
1103,3753,3787,3969,3998
1104,603,630,6895,6923
1105,1977,2005,9046,9069
1106,6747,6781,8491,8519
1107,3138,3174,8964,9000
1108,1599,1626,5057,5093
1109,4281,4307,6191,6216
1110,4730,4763,4556,4587
1111,5940,5978,9430,9459
1112,465,502,6970,7004
1113,5545,5582,4991,5025
1114,5693,5715,9756,9789
1115,6241,6273,4984,5022
1116,3501,3534,6477,6502
1117,4581,4616,6054,6082
1118,239,276,8140,8181
1119,3971,3998,2864,2893
1120,3559,3593,8140,8170
1121,6534,6561,9077,9110
1122,3858,3882,9979,10010
1123,1784,1825,8889,8935
1124,1593,1621,8249,8285
1125,2359,2386,4068,4103
1126,2664,2706,2352,2389
1127,392,423,5509,5536
1128,6005,6028,5172,5207
1129,4244,4271,9087,9119
1130,619,643,6990,7019
1131,5203,5236,3190,3225
1132,3372,3400,3532,3562
1133,5331,5355,4426,4454
1134,8961,8988,415,446
1135,6539,6577,10491,10523
1136,4240,4270,7318,7353
1137,6540,6569,9278,9314
1138,3176,3205,4045,4079
1139,4632,4654,9940,9966
1140,1103,1140,9474,9506
1141,1097,1128,3401,3426
1142,5612,5645,4494,4526
1143,6336,6366,4570,4604
1144,5907,5948,4918,4946
1145,6229,6261,4577,4610
1146,2816,2855,354,388
1147,5921,5955,4602,4633
1148,212,252,10202,10238
1149,4280,4314,4433,4472
1150,2295,2336,10350,10385
1151,7793,7823,1670,1702
1152,4247,4288,3188,3212
1153,4107,4134,8163,8195
1154,1877,1905,10333,10364
1155,3537,3567,6492,6518
1156,3121,3154,4096,4127
1157,3572,3599,1849,1879
1158,2886,2914,4176,4209
1159,5801,5831,5620,5654
1160,8139,8177,4271,4325
1161,4312,4347,8346,8386
1162,6580,6620,7852,7893
1163,2891,2922,1390,1420
1164,43,81,9587,9622
1165,2383,2407,9233,9264
1166,2298,2331,891,918
1167,8486,8516,9874,9908
1168,2807,2833,2745,2772
1169,2354,2386,7576,7612
1170,6365,6400,7056,7093
1171,2814,2848,246,287
1172,1037,1066,5115,5155
1173,3271,3303,399,431
1174,4212,4237,4199,4230
1175,2004,2042,547,580
1176,8988,9022,4769,4806
1177,3597,3628,9894,9932
1178,8403,8430,7031,7064
1179,295,320,9591,9623
1180,2443,2468,3723,3753
1181,7230,7253,3387,3418
1182,2528,2573,7685,7720
1183,4135,4177,7419,7459
1184,4002,4041,9135,9178
1185,4946,4977,9449,9489
1186,1113,1146,5080,5116
1187,4379,4417,6064,6101
1188,3115,3149,6054,6084
1189,2905,2939,815,846
1190,6243,6274,4667,4693
1191,4702,4733,5770,5793
1192,5953,5983,2145,2184
1193,5671,5706,5051,5083
1194,2031,2059,3396,3433
1195,4464,4496,909,945
1196,6984,7016,5140,5170
1197,5873,5899,4307,4329
1198,2303,2337,561,588
1199,3956,3998,1603,1634
1200,8362,8407,119,157
1201,4915,4947,503,542
1202,8677,8709,6594,6636
1203,2565,2595,5628,5655
1204,2426,2467,4160,4188
1205,11,58,8115,8148
1206,5677,5711,5487,5522
1207,5699,5737,4741,4774
1208,908,948,6482,6532
1209,7020,7058,4870,4898
1210,4232,4255,2396,2415
1211,3728,3758,2100,2136
1212,420,465,5833,5895
1213,3803,3834,7099,7133
1214,2811,2840,4514,4550
1215,3325,3358,9959,9994
1216,4557,4581,6042,6077
1217,2403,2441,7639,7678
1218,6277,6303,4716,4745
1219,6317,6352,5236,5266
1220,8159,8186,1634,1663
1221,6654,6677,9222,9248
1222,8517,8549,7019,7044
1223,972,999,8251,8283
1224,4637,4663,4164,4199
1225,6638,6678,7102,7132
1226,443,480,6677,6716
1227,2159,2192,4923,4957
1228,3983,4014,3597,3637
1229,4533,4557,9228,9250
1230,5312,5339,7886,7911
1231,2643,2671,2856,2890
1232,2626,2651,2915,2954
1233,429,447,10328,10354
1234,4826,4849,4870,4901
1235,3643,3675,153,183
1236,5036,5075,4927,4962
1237,6586,6625,10452,10476
1238,3499,3539,292,330
1239,4609,4636,2692,2717
1240,2290,2322,4939,4976
1241,4481,4518,4173,4211
1242,4507,4532,5342,5370
1243,611,641,7124,7156
1244,6141,6175,4665,4704
1245,5827,5860,5573,5603
1246,5045,5077,4857,4895
1247,6550,6579,915,946
1248,1538,1573,5861,5900
1249,2600,2630,8487,8510
1250,1750,1785,2292,2332
1251,2570,2602,6292,6330
1252,735,778,6027,6067
1253,3490,3510,10391,10417
1254,7390,7412,2333,2363
1255,6048,6069,7733,7758
1256,5336,5373,5599,5631
1257,234,262,3372,3397
1258,3758,3792,9571,9598
1259,1554,1592,3917,3953
1260,3526,3554,2394,2426
1261,5287,5322,3124,3156
1262,6776,6823,8933,8968
1263,2503,2540,7523,7552
1264,2038,2068,5960,5985
1265,5977,6000,5335,5358
1266,6076,6112,4637,4676
1267,2552,2600,1915,1947
1268,3470,3522,4763,4811
1269,2100,2127,3780,3802
1270,2208,2236,235,267
1271,3186,3220,1822,1861
1272,532,561,6035,6079
1273,6674,6715,9763,9798
1274,5670,5706,5771,5804
1275,659,677,6980,7010
1276,6016,6050,4964,4993
1277,4057,4096,7294,7326
1278,7127,7162,4949,4980
1279,5663,5690,9371,9407
1280,8960,8986,5065,5089
1281,3189,3216,2815,2849
1282,1,32,5751,5795
1283,3132,3163,3955,3988
1284,4221,4253,4852,4890
1285,766,801,6128,6162
1286,3174,3198,3134,3165
1287,3600,3634,8219,8247
1288,6511,6538,4556,4582
1289,689,722,10333,10370
1290,4064,4095,10136,10172
1291,5001,5033,4025,4053
1292,5573,5608,3828,3853
1293,2952,2987,2150,2192
1294,8097,8123,10289,10311
1295150184652682
1296,5548,5577,5485,5510
1297,4452,4489,4400,4443
1298,7235,7263,2525,2561
1299,6427,6468,7165,7200
1300,4749,4782,353,383
1301,8608,8646,6539,6567
1302,7029,7073,8641,8676
1303,2283,2312,445,476
1304,6481,6512,5092,5122
1305,2009,2032,9275,9302
1306,4113,4147,6863,6895
1307,5790,5836,10185,10225
1308,5063,5089,8736,8771
1309,1,34,6151,6191
1310,5826,5859,4885,4921
1311,2386,2420,4229,4266
1312,6415,6455,4925,4963
1313,2073,2116,3181,3218
1314,124,156,6284,6309
1315,914,937,8031,8055
1316,3703,3734,1647,1678
1317,2685,2746,8304,8346
1318,1649,1681,9179,9221
1319,2134,2167,3274,3315
1320,5725,5758,8439,8476
1321,7092,7120,8212,8242
1322,5982,6019,10308,10345
1323,6294,6326,5094,5128
1324,5371,5404,9853,9897
1325,6140,6168,7662,7685
1326,6014,6045,4900,4929
1327,8298,8335,8763,8806
1328,3073,3106,8373,8414
1329,8538,8567,7263,7299
1330,391,416,10336,10363
1331,6326,6365,9152,9183
1332,3037,3070,10208,10249
1333,126,159,9497,9535
1334,6503,6549,7617,7649
1335,5208,5241,8070,8112
1336,958,994,5360,5384
1337,4185,4212,5638,5666
1338,5840,5875,5122,5156
1339,8925,8954,432,460
1340,3637,3670,8186,8219
1341,2816,2847,7743,7773
1342,6490,6535,10249,10300
1343,3416,3451,385,417
1344,7215,7251,10228,10268
1345,6457,6495,5324,5360
1346,5274,5302,10381,10414
1347,4872,4904,9063,9097
1348,8926,8956,927,966
1349,8749,8778,8141,8178
1350,7825,7864,5893,5922
1351,7728,7760,8254,8292
1352,2703,2740,8680,8710
1353,1485,1525,1435,1474
1354,2916,2962,5545,5593
1355,1968,2002,7506,7528
1356,1161,1214,7137,7200
1357,1933,1962,7493,7516
1358,8859,8884,6698,6723
1359,3496,3527,78,118
1360,7800,7841,4235,4268
1361,5213,5244,8909,8939
1362,4485,4515,5386,5415
1363,1010,1040,5066,5104
1364,1925,1959,6628,6675
1365,6241,6270,7419,7444
1366,6484,6529,7064,7098
1367,8133,8158,4414,4451
1368,2413,2443,4110,4146
1369,7156,7187,6080,6102
1370,2725,2752,1504,1539
1371,2596,2627,8581,8602
1372,6440,6471,1282,1313
1373,3415,3451,3976,4011
1374,5625,5655,4980,5022
1375,2489,2520,1978,2022
1376,5743,5788,10020,10055
1377,4586,4616,2561,2603
1378,2990,3010,9903,9926
1379,7043,7073,10244,10279
1380,8291,8322,356,388
1381,6845,6869,4492,4523
1382,5865,5892,9508,9540
1383,737,754,5402,5424
1384,2478,2515,7634,7663
1385,8762,8798,4928,4962
1386,3783,3809,9611,9643
1387,8838,8871,8505,8540
1388,3142,3184,1704,1736
1389,6800,6830,10492,10524
1390,5997,6027,8231,8256
1391,1478,1522,6755,6791
1392,5505,5538,9315,9353
1393,1738,1760,9632,9658
1394,5535,5565,9347,9386
1395,594,620,6981,7006
1396,4740,4775,7875,7905
1397,8455,8487,477,509
1398,5597,5634,6051,6087
1399,3213,3249,10441,10471
1400,3700,3733,6185,6211
1401,8623,8658,6881,6911
1402,8020,8051,2536,2573
1403,456,485,10327,10364
1404,3476,3510,6306,6334
1405,7556,7599,5824,5860
1406,2400,2428,9113,9144
1407,5308,5339,9750,9788
1408,6826,6857,4801,4833
1409,4809,4831,9287,9309
1410,3948,3979,7672,7708
1411,2850,2874,5039,5070
1412,5925,5951,450,484
1413,8714,8742,6704,6730
1414,4387,4422,9007,9036
1415,3255,3283,3968,4005
1416,1581,1616,5430,5460
1417,7748,7783,8963,8998
1418,6608,6636,6819,6850
1419,7115,7147,8691,8731
1420,5752,5787,4942,4966
1421,5957,5990,4854,4896
1422,6541,6572,8279,8309
1423,7555,7587,2036,2075
1424,4617,4653,5908,5942
1425,229,268,6679,6713
1426,7097,7140,10204,10235
1427,5247,5281,5634,5672
1428,7588,7616,1226,1266
1429,429,468,8275,8315
1430,5438,5470,5201,5232
1431,6312,6334,7469,7499
1432,7060,7091,10265,10300
1433,4792,4816,9401,9426
1434,2409,2449,8740,8795
1435,2693,2733,1954,1986
1436,6201,6240,4105,4143
1437,1600,1636,5305,5326
1438,671,703,7233,7276
1439,8607,8649,6618,6649
1440,2405,2434,511,545
1441,6970,7010,10517,10547
1442,4004,4037,10286,10319
1443,946,981,1530,1564
1444,5241,5275,4743,4775
1445,4998,5042,5907,5943
1446,11,44,9673,9711
1447,7059,7102,4395,4426
1448,3192,3220,8659,8695
1449,4335,4362,3920,3952
1450,5023,5051,8720,8755
1451,1871,1901,3315,3347
1452,8758,8792,6566,6601
1453,5596,5631,5356,5383
1454,8350,8382,6924,6950
1455,2660,2693,6338,6378
1456,792,815,2928,2953
1457,2025,2050,9143,9169
1458,5753,5781,9348,9376
1459,2425,2458,526,560
1460,4499,4532,4056,4085
1461,5967,6004,575,599
1462,4883,4922,4777,4822
1463,438,471,7039,7072
1464,8854,8877,6632,6659
1465,5486,5520,5318,5345
1466,6193,6228,3656,3690
1467,8843,8871,9277,9309
1468,2660,2696,9394,9436
1469,4142,4176,6824,6854
1470,3174,3210,2552,2584
1471,3505,3538,6351,6378
1472,1039,1066,1467,1500
1473,3962,3992,4025,4062
1474,2144,2180,3406,3435
1475,8676,8705,9335,9370
1476,4011,4045,10404,10443
1477,2122,2154,491,528
1478,6492,6516,4986,5006
1479,974,1007,5060,5097
1480,7075,7103,4983,5022
1481,8304,8346,8883,8924
1482,2365,2398,3418,3444
1483,8147,8164,9883,9907
1484,6922,6945,4475,4506
1485,2962,3014,2289,2329
1486,752,782,7089,7130
1487,3765,3803,195,221
1488,5765,5800,5041,5074
1489,3274,3298,2733,2765
1490,4948,4986,4339,4382
1491,2404,2438,7822,7851
1492,5294,5336,9846,9882
1493,236,266,5610,5641
1494,2437,2469,1889,1926
1495,5309,5342,10307,10337
1496,2139,2170,1659,1698
1497,7993,8007,8503,8518
1498,2788,2821,9703,9738
1499,875,914,8952,8983
1500,1721,1761,3824,3859
1501,265,314,10139,10191
1502,168,196,9719,9759
1503,522,555,9492,9524
1504,6761,6795,9100,9128
1505,1342,1372,6,26
1506,8909,8944,9302,9331
1507,8062,8089,458,499
1508,3863,3882,1675,1697
1509,6608,6640,9286,9323
1510,6237,6288,5606,5645
1511,2356,2386,9110,9139
1512,6481,6505,8103,8136
1513,5638,5668,8316,8350
1514,2844,2877,6465,6501
1515,828,853,5379,5402
1516,3216,3248,4037,4073
1517,253,290,5784,5807
1518,7643,7683,5809,5847
1519,3979,4019,4862,4899
1520,7260,7285,3344,3376
1521,3086,3114,4042,4078
1522,1458,1488,5847,5887
1523,6968,7011,2221,2260
1524,3721,3764,9821,9855
1525,6872,6908,4876,4909
1526,3527,3559,1724,1757
1527,5981,6007,4053,4088
1528,3181,3209,2736,2771
1529,597,632,6132,6170
1530,477,507,7124,7154
1531,7922,7951,8564,8597
1532,5654,5688,3840,3868
1533,7241,7281,5954,5984
1534,665,711,6091,6130
1535,7197,7225,9276,9302
1536,2606,2643,7666,7708
1537,1892,1928,10232,10259
1538,5015,5044,5272,5298
1539,6215,6245,9030,9068
1540,1641,1666,5054,5090
1541,2720,2750,872,903
1542,3926,3940,1778,1794
1543,6294,6328,4107,4149
1544,4735,4772,7556,7588
1545,6556,6590,7454,7489
1546,4670,4697,2768,2802
1547,2962,2987,7088,7123
1548,6178,6207,8402,8430
1549,2798,2845,1129,1160
1550,5702,5739,3333,3370
1551,2108,2150,10137,10176
1552,2675,2702,8548,8577
1553,8923,8958,2179,2220
1554,5223,5264,9814,9841
1555,4976,5010,3539,3563
1556,2962,2981,9915,9939
1557,4358,4386,4312,4351
1558,2423,2459,4306,4346
1559,5154,5184,9601,9645
1560,7638,7669,1201,1243
1561,3630,3667,8070,8100
1562,4056,4085,10007,10036
1563,6172,6200,4969,4996
1564,4642,4670,5012,5042
1565,2741,2762,2410,2436
1566,520,553,7269,7309
1567,1238,1267,3220,3246
1568,79,113,9719,9754
1569,2514,2544,10088,10121
1570,4685,4710,10061,10089
1571,3885,3924,3000,3043
1572,7276,7315,7966,8008
1573,2332,2373,5361,5388
1574,5404,5433,515,554
1575,324,367,991,1027
1576,1465,1496,1630,1670
1577366405749780
1578,1,40,6242,6279
1579,7517,7548,9195,9219
1580,2822,2865,6296,6331
1581,770,809,4979,5015
1582,6517,6550,8095,8133
1583,2881,2907,4253,4283
1584,6126,6158,5515,5544
1585,1621,1657,3817,3863
1586,3003,3038,1485,1515
1587,998,1027,3511,3535
1588,6480,6522,7504,7545
1589,358,408,3611,3649
1590,7841,7873,6632,6667
1591,8826,8845,1069,1096
1592,8229,8270,4366,4403
1593,3371,3402,9931,9965
1594,6574,6601,5936,5972
1595,5480,5517,5020,5055
1596,6205,6239,4518,4555
1597,8515,8542,9872,9908
1598,2499,2525,10269,10297
1599,4758,4795,2136,2178
1600,8778,8792,6303,6323
1601,2625,2659,10123,10153
1602,7676,7707,2741,2775
1603,4286,4312,9118,9156
1604,2162,2194,349,379
1605,4991,5029,3575,3603
1606,7803,7830,8956,8990
1607,2777,2804,2480,2519
1608,737,762,7065,7093
1609,4886,4913,9398,9426
1610,941,968,7475,7511
1611,5765,5796,3756,3794
1612,5089,5131,7807,7839
1613,8814,8847,9948,9983
1614,471,514,8436,8473
1615,4454,4483,7930,7966
1616,8196,8229,4460,4488
1617,1300,1325,177,205
1618,5639,5666,121,160
1619,688,726,7141,7174
1620,2658,2695,2406,2435
1621,2580,2603,8818,8837
1622,135,166,10254,10292
1623,8575,8614,4710,4743
1624,126,150,8347,8372
1625,3683,3721,7323,7357
1626,840,882,7285,7321
1627,6584,6615,9041,9076
1628,3550,3581,7346,7380
1629,2795,2808,6630,6645
1630,2445,2476,6002,6042
1631,7621,7651,5839,5883
1632,8345,8390,61,102
1633,2958,2971,1361,1383
1634,5223,5258,8394,8432
1635,7759,7797,2445,2479
1636,1909,1936,3251,3292
1637,1623,1662,4448,4483
1638,3165,3197,3545,3580
1639,5736,5766,85,123
1640,6422,6449,8985,9026
1641,1259,1288,4661,4696
1642,3839,3871,1920,1958
1643,2157,2192,5597,5625
1644,5321,5352,5528,5566
1645,8001,8053,9425,9488
1646,7474,7511,1909,1939
1647,4402,4441,4464,4504
1648,4527,4558,5970,5999
1649,4310,4346,9146,9176
1650669696913948
1651,4391,4428,4346,4387
1652,149,174,8360,8387
1653,6530,6572,6585,6624
1654,4563,4596,5925,5955
1655,2714,2756,2436,2468
1656,6771,6811,9863,9901
1657,1323,1355,7210,7238
1658,8999,9027,191,229
1659,3157,3198,1740,1777
1660,5350,5377,10357,10390
1661,1724,1754,3012,3048
1662,2621,2660,6495,6525
1663,6862,6896,4820,4846
1664,6740,6768,4351,4386
1665,2833,2862,10508,10543
1666,5973,5982,9321,9332
1667,2681,2719,5420,5446
1668,5700,5729,139,174
1669,8338,8367,4217,4242
1670,952,990,5013,5043
1671,5835,5874,10524,10548
1672,5852,5887,8337,8359
1673,2727,2759,7947,7975
1674,1459,1489,4308,4334
1675,4427,4460,8959,8992
1676,8228,8264,9264,9307
1677,8972,9009,8707,8745
1678,8798,8831,3090,3114
1679,2342,2374,906,933
1680,7610,7642,1243,1281
1681,7004,7033,8114,8141
1682,92,126,3970,4009
1683,824,852,9208,9243
1684,8710,8746,9941,9975
1685,2757,2789,480,523
1686,475,519,2839,2873
1687,6598,6626,8147,8179
1688,6108,6131,4600,4626
1689,4129,4152,8146,8178
1690,9016,9048,382,419
1691,7021,7044,8131,8153
1692,1765,1803,45,84
1693,1953,1983,3037,3073
1694,1493,1531,2959,2989
1695,6058,6090,10130,10152
1696,7497,7522,2139,2171
1697,1,16,6552,6576
1698,2742,2768,2837,2863
1699,227,253,9918,9939
1700,4760,4786,5665,5687
1701,4232,4261,5633,5662
1702,3019,3064,377,411
1703,6016,6043,5325,5345
1704,1853,1888,8980,9022
1705,4962,4999,7835,7868
1706,3636,3667,6277,6300
1707,2568,2603,7112,7138
1708,7207,7238,9300,9330
1709,1896,1934,3748,3775
1710,7368,7408,6247,6295
1711,8843,8876,3052,3081
1712,5685,5709,4966,4991
1713,6746,6786,8735,8777
1714,1332,1361,8364,8393
1715,7914,7956,10302,10340
1716,8256,8289,7756,7790
1717,6294,6332,10421,10447
1718,4233,4255,2368,2388
1719,6575,6604,8252,8277
1720,4509,4543,941,978
1721,8202,8234,3483,3520
1722,6353,6387,5146,5183
1723,8092,8135,7578,7620
1724,6048,6076,10174,10207
1725,7064,7106,10318,10358
1726,3122,3166,3690,3725
1727,5787,5819,4429,4448
1728,2618,2656,10072,10103
1729,7707,7747,5872,5905
1730,2323,2350,10272,10311
1731,3675,3707,8093,8124
1732,8413,8443,10529,10548
1733,3386,3423,8479,8514
1734,7814,7860,7726,7766
1735,7178,7210,4873,4903
1736,1699,1735,3486,3516
1737,1563,1598,5517,5550
1738,4532,4567,778,802
1739,7889,7925,6595,6634
1740,6301,6329,4566,4596
1741,5748,5778,4495,4525
1742,3850,3869,1651,1674
1743,6153,6186,10021,10055
1744,7232,7258,9348,9389
1745,4590,4625,9247,9280
1746,6661,6689,820,848
1747,4082,4108,7592,7630
1748,4597,4623,10042,10078
1749,77,111,5896,5926
1750,2194,2227,428,461
1751,6083,6113,3711,3750
1752,4084,4115,10270,10306
1753,5827,5862,4757,4793
1754,4425,4457,1401,1439
1755,6284,6311,7476,7503
1756,5608,5640,5076,5112
1757,2460,2504,1825,1865
1758,1450,1477,9278,9299
1759,302,338,9215,9243
1760,527,562,6606,6646
1761,6611,6642,9717,9744
1762,2949,2960,9925,9947
1763,922,958,4907,4946
1764,5913,5941,4681,4711
1765,8154,8183,720,755
1766,5759,5789,3705,3733
1767,7531,7570,237,277
1768,114,143,9761,9796
1769,1310,1338,8522,8556
1770,4327,4358,4299,4329
1771,2296,2327,3699,3725
1772,7990,8003,8494,8508
1773,2821,2856,9518,9549
1774,6332,6361,4974,5012
1775,2622,2655,2836,2862
1776,756,777,5379,5399
1777,5950,5986,5038,5068
1778,4024,4064,3634,3664
1779,5977,6011,4533,4566
1780,6818,6851,9124,9151
1781,2593,2626,7082,7115
1782,8830,8855,3412,3449
1783,5924,5957,5194,5235
1784,3620,3649,8107,8140
1785,6536,6575,9923,9967
1786,289,330,6652,6689
1787,8811,8849,6189,6236
1788,2473,2500,10297,10324
1789,6551,6590,9700,9727
1790769793569609
1791,2445,2458,6936,6951
1792,6099,6125,5244,5278
1793,4084,4122,10182,10213
1794,4656,4695,7977,8007
1795,6862,6903,6455,6488
1796,6138,6164,7633,7654
1797,7193,7226,3317,3343
1798,5135,5169,9743,9774
1799,5853,5878,5279,5301
1800,2360,2396,2337,2368
1801,2370,2399,7074,7098
1802,8271,8314,9646,9674
1803,4580,4618,8183,8213
1804,6732,6761,9237,9266
1805,6047,6081,10389,10427
1806,5979,6007,9321,9354
1807,5358,5385,10283,10313
1808,7364,7393,3296,3323
1809,3847,3876,2028,2066
1810,4630,4663,4436,4474
1811,3949,3980,4810,4845
1812,1361,1391,8274,8308
1813,3052,3089,8960,9001
1814,5893,5930,4777,4803
1815,3118,3157,3771,3804
1816,5924,5949,4789,4808
1817,3011,3040,4938,4970
1818,6202,6234,4643,4680
1819,1609,1651,9123,9157
1820,1660,1678,4939,4960
1821,8705,8731,5825,5847
1822,6227,6277,168,209
1823,8400,8425,6928,6961
1824,4589,4624,2746,2787
1825,777,804,5401,5437
1826,2030,2057,5492,5518
1827,5313,5338,79,104
1828,7957,7991,8663,8705
1829,5211,5242,4430,4468
1830,7743,7780,418,451
1831,5742,5774,4156,4197
1832,1945,1992,8799,8838
1833,3589,3622,1570,1601
1834,834,858,9486,9513
1835,4997,5022,3475,3500
1836,2925,2954,4310,4336
1837,6742,6773,4530,4556
1838,3644,3688,1186,1218
1839,6126,6151,5244,5278
1840,5052,5083,4136,4160
1841,886,924,10450,10489
1842,111,147,9582,9617
1843,1674,1715,3897,3933
1844,6725,6763,8603,8650
1845,7685,7723,2113,2149
1846,4258,4295,3039,3070
1847,1268,1296,8627,8664
1848,6747,6782,7697,7727
1849,8622,8652,7101,7129
1850,8945,8985,8673,8704
1851,399,428,9408,9441
1852,4554,4593,905,937
1853,72,117,2976,3013
1854,6308,6345,9242,9281
1855,3567,3607,7418,7451
1856,215,245,3355,3382
1857,4390,4419,5428,5462
1858,3757,3783,7015,7047
1859,130,166,6689,6722
1860,226,265,999,1035
1861,5727,5758,3811,3839
1862,5732,5763,578,608
1863,4178,4218,6222,6261
1864,6684,6728,6497,6534
1865,3743,3774,7723,7753
1866,2406,2441,935,966
1867,6915,6950,5139,5165
1868,8923,8963,2905,2933
1869,8317,8341,7784,7819
1870,3972,3994,8849,8863
1871,371,420,10475,10526
1872,719,752,10266,10308
1873,2441,2474,7674,7711
1874,8879,8893,6352,6364
1875,5645,5675,10529,10548
1876,7525,7555,10315,10348
1877,5962,5982,8352,8365
1878,7632,7666,10089,10132
1879,7218,7251,9892,9929
1880,3752,3781,4791,4826
1881,6305,6342,7838,7875
1882,3686,3713,9724,9754
1883,227,265,9512,9546
1884,2377,2412,7774,7809
1885,7604,7642,10020,10054
1886,944,961,5243,5269
1887,3649,3680,7436,7467
1888,5372,5405,10426,10456
1889,6864,6901,8533,8569
1890,7270,7305,6249,6284
1891,162,191,9087,9123
1892,4098,4131,5664,5692
1893,6230,6273,7904,7938
1894,6633,6664,9899,9929
1895,5676,5718,4319,4358
1896,5544,5585,4775,4812
1897,6571,6602,8189,8215
1898,1759,1786,3186,3219
1899,6606,6633,822,852
1900,4469,4508,7581,7613
1901,4025,4049,8029,8055
1902,6643,6682,5843,5872
1903,8937,8958,1059,1085
1904,6726,6755,9396,9424
1905,3831,3869,9551,9577
1906,1532,1569,8473,8500
1907,6903,6938,10462,10505
1908,1247,1280,10341,10380
1909,6143,6176,5008,5035
1910,5609,5648,2673,2706
1911,4007,4044,6191,6227
1912,752,801,6606,6645
1913,1842,1884,4239,4273
1914,1347,1381,7297,7328
1915,3068,3099,5287,5318
1916,6778,6805,4560,4590
1917,3697,3729,7039,7075
1918,4615,4638,9881,9904
1919,3643,3674,2034,2068
1920,8332,8360,6803,6823
1921,4003,4027,8780,8805
1922,2318,2353,2576,2610
1923,5725,5756,9763,9795
1924,282,323,10099,10137
1925,4498,4538,4327,4364
1926,6880,6900,9725,9743
1927,8334,8370,8395,8429
1928,7481,7515,9164,9188
1929,9024,9045,8443,8472
1930,2041,2079,4928,4963
1931,764,780,7024,7036
1932,6135,6166,4774,4811
1933,7319,7361,8995,9024
1934,5082,5109,8651,8682
1935,2290,2318,5951,5982
1936,2435,2472,7773,7801
1937,4530,4562,9312,9353
1938,6146,6183,4166,4199
1939,4093,4125,8796,8824
1940,291,324,10352,10388
1941,8734,8759,9482,9512
1942,6437,6473,9372,9400
1943,3902,3940,7516,7549
1944,1007,1042,3493,3516
1945,4121,4152,6106,6143
1946,6090,6115,4537,4574
1947,6120,6153,4964,4988
1948,7497,7528,10181,10222
1949,2014,2043,5534,5558
1950,7571,7609,8662,8700
1951,7110,7146,8193,8213
1952349382928963
1953,1389,1426,5962,5993
1954,5603,5630,5221,5256
1955,4308,4346,7517,7560
1956,3518,3543,6310,6344
1957,7569,7597,7237,7269
1958,4381,4408,3659,3698
1959,6125,6153,9982,10021
1960,1587,1619,3949,3992
1961,2322,2351,9131,9165
1962,593,629,7305,7340
1963,2725,2749,2731,2757
1964,4823,4848,5881,5917
1965,4937,4971,4879,4914
1966,5343,5378,553,588
1967,2806,2841,2515,2560
1968,6450,6487,9866,9901
1969,6138,6150,3655,3679
1970,4736,4779,7457,7491
1971,5332,5355,7874,7901
1972838868185220
1973,1836,1867,10093,10127
1974,3072,3110,6964,6989
1975,2044,2071,1927,1960
1976,6103,6131,5150,5180
1977,6103,6136,5097,5132
1978,6807,6838,4514,4547
1979,3476,3514,1905,1944
1980,5947,5978,3293,3328
1981,8275,8314,81,120
1982,8881,8913,2958,2991
1983,2805,2840,2287,2330
1984,5548,5574,5815,5832
1985,2237,2269,8825,8845
1986,1705,1739,1321,1362
1987,3482,3513,9316,9351
1988,5329,5352,10455,10487
1989,9010,9044,6202,6247
1990,3736,3761,6983,7012
1991,948,980,4970,5002
1992,1126,1183,9616,9664
1993,867,903,6589,6631
1994,1919,1949,4249,4289
1995,8551,8584,1126,1152
1996,1968,2012,8994,9032
1997,804,832,6030,6079
1998,3652,3678,6312,6342
1999,7215,7247,4936,4972
2000,5696,5725,9888,9923
2001,3902,3918,1742,1753
2002,6436,6463,4986,5020
2003,3970,3999,1833,1866
2004,1544,1570,5129,5162
2005,4287,4318,3928,3956
2006,2368,2396,9174,9207
2007,4357,4388,5252,5278
2008,4872,4895,9416,9439
2009,4644,4667,5646,5675
2010,3459,3478,10390,10412
2011,6459,6491,8971,9003
2012,6357,6401,5036,5072
2013,6157,6183,4626,4647
2014,6589,6623,8916,8940
2015,4310,4326,6130,6153
2016,6648,6681,5069,5103
2017,2450,2480,7745,7778
2018,2935,2946,7745,7759
2019,7406,7444,1038,1063
2020,5977,6016,5111,5154
2021,2910,2937,10441,10473
2022,5677,5718,4787,4819
2023,5971,5991,8319,8330
2024,3308,3343,8370,8413
2025,5184,5205,7770,7791
2026,2569,2605,7164,7195
2027,6654,6696,8541,8569
2028,3894,3904,1740,1752
2029,6418,6457,9239,9282
2030,3745,3780,7153,7180
2031,211,239,2747,2775
2032,2636,2672,6240,6275
2033,7310,7326,10494,10510
2034,3685,3721,6225,6253
2035,2753,2779,7670,7703
2036,3241,3271,10532,10548
2037,4259,4283,5373,5409
2038,2546,2583,7591,7630
2039,8200,8216,10376,10392
2040,2354,2381,1157,1184
2041,6257,6290,5048,5081
2042,6967,6981,7881,7900
2043,5691,5729,8317,8342
2044,4249,4273,5677,5705
2045,7072,7100,8189,8222
2046,6181,6219,4588,4621
2047,3899,3921,1771,1790
2048,3411,3439,3571,3601
2049,4604,4633,5814,5839
2050,2755,2786,7799,7827
2051,8932,8959,8452,8489
2052,7733,7767,4318,4356
2053,2877,2899,5061,5088
2054,124,161,9041,9077
2055,5720,5745,5006,5033
2056,4766,4820,2929,2996
2057,2248,2277,5358,5399
2058,7321,7363,9947,9990
2059,5216,5253,9731,9773
2060,1138,1156,3495,3518
2061,3485,3517,4028,4062
2062,5483,5539,10394,10439
2063,999,1030,5130,5166
2064,3597,3625,4782,4820
2065,4599,4637,3868,3898
2066,649,677,10296,10336
2067,1029,1060,1,21
2068,3182,3225,10364,10401
2069,2694,2720,2754,2775
2070,1428,1456,1438,1477
2071,2293,2329,5402,5433
2072,8045,8076,2686,2715
2073,477,513,6125,6152
2074,6465,6494,9074,9110
2075,4619,4653,2285,2326
2076,7498,7529,9472,9506
2077,2935,2960,10446,10480
2078,3397,3418,389,420
2079,915,927,5240,5253
2080,1860,1889,3352,3385
2081,7345,7379,928,958
2082,73,105,3253,3297
2083,6054,6069,7687,7697
2084,5903,5936,4653,4684
2085,4792,4816,9274,9296
2086,3582,3614,9255,9293
2087,4604,4634,9952,9983
2088,369,397,5604,5637
2089,4989,5018,8690,8726
2090,6032,6059,5377,5412
2091,7766,7793,1834,1855
2092,3291,3322,3524,3557
2093,3414,3451,8347,8380
2094,5392,5430,7916,7950
2095,3875,3907,7385,7423
2096,6116,6159,10328,10362
2097,2817,2851,2423,2460
2098,1461,1483,9295,9313
2099,6497,6542,991,1038
2100,3806,3834,4780,4821
2101,1645,1673,4867,4894
2102,6530,6553,4916,4940
2103,66,98,8556,8593
2104,2479,2523,290,326
2105,7673,7698,8495,8528
2106,2793,2825,9586,9625
2107,3807,3842,4999,5032
2108,8764,8799,9991,10024
2109,2753,2785,9763,9793
2110,4311,4344,4174,4201
2111,3528,3554,358,392
2112,7584,7611,1506,1534
2113,5770,5810,10443,10477
2114,3542,3571,2376,2400
2115,8878,8910,2200,2239
2116,4445,4487,4185,4227
2117,1318,1346,31,54
2118,4758,4800,7331,7366
2119,2982,2995,5091,5105
2120,6700,6739,6281,6315
2121,2045,2074,612,647
2122,6340,6366,7444,7463
2123,366,397,3071,3110
2124,5772,5799,5608,5642
2125,4285,4328,9057,9080
2126,4037,4066,10203,10236
2127,6011,6042,792,829
2128,5478,5524,5809,5841
2129,3117,3148,6715,6742
2130,3284,3309,3605,3626
2131,3545,3571,4758,4795
2132,5304,5335,5446,5481
2133,5224,5255,4859,4901
2134,6782,6812,7704,7744
2135,5651,5686,5424,5458
2136,2974,3001,988,1007
2137,6292,6328,4901,4940
2138,768,813,7371,7418
2139,2630,2659,1529,1552
2140,4622,4653,8761,8794
2141,3568,3602,8186,8217
2142,2179,2198,6013,6043
2143,6863,6879,9642,9661
2144,3810,3834,6952,6982
2145,3696,3740,5002,5032
2146,5623,5659,7679,7725
2147,2376,2411,7729,7762
2148,3618,3643,153,191
2149,4596,4632,8129,8157
2150,7852,7889,6534,6575
2151,6193,6223,706,744
2152,2036,2064,3338,3369
2153,8103,8132,472,512
2154,2236,2271,8798,8820
2155,4303,4349,4501,4533
2156,7972,8006,2690,2716
2157,4998,5029,3499,3522
2158,7526,7546,9300,9318
2159,4485,4517,3736,3767
2160,1593,1630,9577,9614
2161,2884,2917,4573,4607
2162,3565,3598,249,283
2163,3421,3459,3724,3758
2164,4102,4132,7543,7578
2165,6281,6315,7330,7362
2166,8368,8413,9,46
2167,4081,4114,2425,2464
2168,2773,2797,2396,2420
2169,3780,3810,1864,1897
2170,5197,5227,4910,4947
2171,8159,8192,9317,9357
2172,6685,6720,5881,5916
2173,6971,7006,4973,5005
2174,4522,4552,8779,8819
2175,5659,5696,3780,3805
2176,6222,6253,7811,7836
2177,1712,1745,8235,8268
2178,3638,3667,2670,2699
2179,8060,8087,2589,2627
2180,7169,7201,1691,1727
2181,7766,7789,8383,8410
2182,6394,6422,9328,9364
2183,5619,5651,4818,4857
2184,9030,9045,8488,8517
2185,8783,8799,6290,6309
2186,5930,5959,621,648
2187,765,790,6979,7002
2188,239,266,5450,5485
2189,7578,7610,9007,9060
2190,4390,4430,7596,7629
2191,7444,7468,1009,1043
2192,5731,5761,9272,9302
2193,3773,3798,7710,7742
2194,1730,1776,8966,9005
2195,3915,3941,1805,1825
2196,8832,8852,859,880
2197,2689,2725,9628,9654
2198,5085,5126,8258,8288
2199,2453,2482,902,932
2200,597,624,6035,6078
2201,3253,3286,10253,10292
2202,4023,4046,1848,1884
2203,744,762,9483,9502
2204,1981,2018,2229,2265
2205,2971,2984,5085,5102
2206,5544,5567,5829,5851
2207,1613,1638,9632,9658
2208,5895,5923,5231,5260
2209,6980,7013,10403,10445
2210,704,725,10536,10547
2211,5752,5790,5086,5120
2212,7016,7051,4941,4971
2213,6711,6745,8492,8525
2214,1144,1188,10352,10383
2215,8013,8047,8580,8616
2216,4064,4098,5263,5286
2217,1177,1214,9425,9456
2218,7179,7219,8998,9030
2219,2078,2103,3724,3756
2220,2701,2736,2018,2059
2221,3704,3718,9232,9249
2222,5361,5406,5780,5829
2223,7795,7836,5830,5863
2224,7357,7396,985,1018
2225,5396,5428,64,91
2226,2740,2762,2754,2783
2227,8828,8875,3244,3279
2228,4185,4211,9146,9186
2229,5970,5985,8179,8196
2230,4546,4575,5729,5753
2231,6060,6085,7745,7771
2232,7826,7863,8284,8318
2233,5268,5295,4693,4725
2234,3429,3459,1803,1838
2235,1995,2035,2212,2241
2236,4101,4134,5714,5751
2237,686,700,6891,6907
2238,4607,4636,6020,6057
2239,6002,6040,4851,4884
2240,7591,7633,379,418
2241,8882,8907,3016,3050
2242,7673,7705,4085,4126
2243,3677,3706,4847,4883
2244,4148,4179,9175,9201
2245,4632,4647,10004,10019
2246,2371,2424,8668,8707
2247,3946,3980,3843,3877
2248,1225,1257,3245,3272
2249,5983,6011,5229,5265
2250,6310,6340,10337,10368
2251,3151,3182,6712,6743
2252,6676,6705,7793,7826
2253,4024,4043,8811,8830
2254,4181,4223,10407,10460
2255,8316,8346,346,371
2256,4338,4360,6164,6186
2257,2663,2707,8196,8249
2258,286,320,9474,9510
2259,2778,2831,2184,2215
2260,3000,3029,6224,6265
2261,3870,3888,7138,7152
2262,6105,6144,4090,4117
2263,3889,3902,7137,7149
2264,6628,6676,6431,6471
2265,4441,4466,3821,3860
2266,8832,8844,6359,6376
2267,2272,2303,2628,2669
2268680722219248
2269,6502,6527,3401,3437
2270,6215,6244,7679,7709
2271,2598,2621,7819,7843
2272,1674,1710,5462,5485
2273,5841,5883,5056,5089
2274,1632,1659,4885,4912
2275,8268,8303,3317,3349
2276,745,778,10360,10399
2277,5694,5722,3809,3846
2278,4562,4585,5825,5844
2279,7063,7099,10416,10458
2280,2158,2183,6002,6030
2281,4398,4439,4247,4279
2282,5261,5297,4802,4835
2283,2914,2928,9927,9949
2284,2955,2972,9833,9850
2285,2224,2257,7005,7036
2286,2867,2880,10266,10279
2287,4592,4633,2636,2668
2288,7749,7777,8392,8421
2289,1089,1119,5034,5070
2290,4756,4786,5701,5727
2291,948,978,1009,1051
2292,8253,8288,3462,3498
2293,5979,5993,7661,7683
2294,2030,2054,1610,1644
2295,2470,2505,7605,7636
2296,8971,9002,4666,4710
2297,1750,1794,3927,3970
2298,2365,2399,1864,1913
2299,6293,6318,8479,8502
2300,9039,9048,505,517
2301,7438,7474,213,252
2302,654,684,6031,6068
2303,8839,8872,0,23
2304,4557,4588,5900,5930
2305,8118,8135,9448,9470
2306,1092,1120,3560,3589
2307,381,422,7430,7463
2308,1515,1538,10486,10510
2309,6369,6399,5364,5385
2310,2424,2450,3712,3742
2311,1,41,3982,4018
2312,6519,6538,4986,5013
2313,2782,2833,1034,1076
2314,4490,4501,3898,3914
2315,1563,1587,9683,9715
2316,6928,6960,8564,8605
2317,1542,1563,2076,2097
2318,2004,2027,7369,7392
2319,8116,8138,534,553
2320,6604,6631,8239,8268
2321,2600,2633,7004,7049
2322,3999,4018,8814,8831
2323,3540,3574,342,377
2324,8325,8357,7057,7092
2325,5724,5751,10532,10548
2326,482,511,5945,5979
2327,2855,2881,4192,4221
2328,3733,3773,7094,7124
2329,684,724,8065,8099
2330,654,676,6884,6907
2331,5633,5665,4466,4500
2332,1866,1907,8838,8883
2333,4148,4182,3430,3456
2334,4168,4204,5842,5868
2335,8827,8871,894,927
2336,3115,3142,6505,6547
2337,2644,2665,7832,7861
2338,2895,2933,1329,1362
2339,1545,1565,2109,2126
2340,3948,3974,1818,1851
2341,7088,7123,4869,4902
2342,2108,2142,2647,2688
2343,7982,8014,2659,2687
2344,1649,1693,1341,1373
2345,3819,3850,3895,3931
2346,6175,6212,4889,4911
2347,4527,4555,5795,5817
2348,3791,3830,238,272
2349,1433,1471,2176,2209
2350,7708,7736,5992,6028
2351,3626,3658,4851,4884
2352,2576,2598,8660,8693
2353,722,758,6126,6164
2354,4135,4154,6420,6441
2355,6804,6834,4568,4597
2356,5678,5692,5184,5195
2357,8907,8937,6260,6281
2358,1966,2003,480,515
2359,6058,6095,4723,4759
2360,6013,6056,10503,10540
2361,2987,3017,1296,1324
2362,1581,1612,9512,9548
2363,4614,4642,5641,5662
2364,2724,2751,6489,6525
2365,3752,3772,7704,7722
2366,5558,5582,9286,9320
2367,214,253,9593,9628
2368,3102,3134,5229,5259
2369,5231,5264,8848,8880
2370,6220,6261,4844,4875
2371,2458,2489,8965,9003
2372,7500,7515,9101,9126
2373,1048,1075,6361,6393
2374,6506,6540,8952,8989
2375,6989,7023,5046,5081
2376,6843,6864,9673,9688
2377,6147,6185,5183,5217
2378,3938,3947,1788,1799
2379,2257,2287,3419,3455
2380,6493,6528,8307,8333
2381,4200,4235,5596,5614
2382,1543,1574,3849,3893
2383,4175,4208,5821,5850
2384,230,257,9901,9919
2385,4458,4502,4257,4302
2386,3765,3798,4714,4750
2387800833127164
2388,5371,5409,5475,5505
2389,8764,8792,824,864
2390,7896,7921,8190,8224
2391,2972,3015,2075,2111
2392,3616,3630,3851,3868
2393,1267,1295,192,218
2394,7664,7692,2650,2688
2395,3113,3154,10405,10440
2396,2964,2995,4690,4727
2397,3624,3639,3860,3872
2398,6126,6174,10459,10495
2399,3303,3334,1758,1786
2400,4132,4169,3257,3286
2401,7088,7123,6036,6073
2402,6207,6237,7854,7885
2403,4362,4398,4425,4475
2404,6843,6873,4969,5001
2405,5654,5681,5305,5340
2406,707,725,9499,9521
2407,2862,2883,10239,10262
2408,6991,7023,4310,4351
2409,1685,1705,4911,4928
2410,4789,4808,5980,5996
2411,9014,9036,537,560
2412,7846,7878,10536,10548
2413,2529,2570,8999,9029
2414,2814,2836,5766,5788
2415,6667,6698,8573,8611
2416,5015,5040,3551,3571
2417,844,890,6446,6487
2418,8002,8035,2608,2642
2419,5595,5626,4383,4415
2420,3824,3847,1830,1871
2421,2958,2996,1567,1596
2422,6276,6314,5174,5207
2423,2666,2698,5543,5566
2424,4986,5018,5055,5086
2425,7246,7277,3280,3308
2426,4245,4287,5931,5975
2427,5136,5164,3741,3780
2428,4134,4164,6888,6925
2429,4465,4480,3886,3905
2430,320,354,7936,7981
2431,911,930,5225,5242
2432,2756,2795,6201,6232
2433,1956,1992,10285,10316
2434,6737,6751,8146,8160
2435,1456,1489,5922,5955
2436,4129,4157,9332,9361
2437,6771,6799,7092,7114
2438,5574,5609,5309,5337
2439,3525,3537,10376,10394
2440,6494,6522,5043,5076
2441,3223,3245,8127,8163
2442,4949,4983,5001,5036
2443,5513,5546,10497,10531
2444,6523,6554,9004,9042
2445,5976,6008,4986,5016
2446,4141,4171,2850,2884
2447,1976,2002,5384,5415
2448,7126,7164,5105,5139
2449,6907,6932,9817,9832
2450,5035,5070,8411,8450
2451,2615,2635,10183,10199
2452,2114,2139,3745,3762
2453,5266,5301,9641,9679
2454,3031,3065,5232,5261
2455,0,12,6533,6553
2456,6546,6574,8149,8184
2457,6098,6136,5291,5324
2458792814276308
2459,6274,6300,5237,5276
2460,1623,1659,4012,4048
2461,7269,7285,10495,10510
2462,6121,6155,4840,4872
2463,3766,3785,7686,7700
2464,192,214,2751,2780
2465,2171,2186,8033,8049
2466,2902,2939,3644,3683
2467,5328,5363,8356,8390
2468,8732,8769,2838,2872
2469,8807,8834,6987,7026
2470,2389,2425,8898,8934
2471825855533558
2472,2639,2674,7604,7644
2473,4535,4553,5836,5861
2474,3384,3418,10189,10237
2475,6949,6969,9639,9667
2476,4421,4457,3710,3744
2477,4577,4595,5728,5755
2478,7327,7343,9157,9181
2479,5685,5713,5267,5303
2480,7884,7907,8255,8283
2481,6359,6392,4873,4905
2482,4386,4416,6153,6186
2483,289,322,9186,9219
2484,2763,2776,6647,6669
2485,1752,1772,4846,4879
2486,7109,7146,8882,8912
2487,3499,3538,9338,9370
2488,8543,8576,3601,3636
2489,4360,4394,9078,9113
2490,3095,3118,5391,5408
2491,5848,5885,4834,4868
2492,5814,5838,9491,9526
2493736759568605
2494,8224,8253,9210,9229
2495,4040,4066,5250,5283
2496,3656,3689,1901,1930
2497,7464,7493,9524,9559
2498,5878,5914,5007,5045
2499,8531,8561,1172,1201
2500,1624,1647,9052,9070
2501,7306,7352,6337,6371
2502,5354,5377,9649,9683
2503,5847,5865,700,734
2504,4167,4204,6152,6186
2505,1120,1147,944,991
2506,4932,4961,3530,3561
2507,174,204,6590,6630
2508,5812,5860,10108,10142
2509,5884,5916,4975,5005
2510,8813,8837,819,836
2511,7107,7139,1679,1718
2512,2933,2970,1270,1302
2513,673,690,6974,7002
2514,4278,4308,5782,5810
2515,2826,2864,3567,3607
2516,5742,5777,9865,9906
2517,7255,7279,10502,10524
2518,2535,2576,6753,6798
2519,9037,9044,8566,8589
2520,7994,8047,8749,8785
2521,7545,7566,9318,9340
2522,5668,5682,5171,5187
2523,5899,5925,4806,4842
2524,6017,6053,5033,5063
2525,3662,3696,6383,6407
2526,4326,4364,3610,3650
2527,9023,9045,8121,8158
2528,7001,7018,7884,7904
2529,3693,3703,9242,9260
2530,4490,4510,9230,9260
2531,2976,3000,7151,7178
2532,1505,1518,1,8
2533,2158,2175,8953,8963
2534,8107,8124,9463,9478
2535,3714,3760,4914,4964
2536,9028,9047,4933,4970
2537,8538,8577,5069,5094
2538,6828,6856,10488,10522
2539,6828,6863,4452,4484
2540,2632,2667,6821,6866
2541,1747,1754,8062,8073
2542,3712,3727,9251,9264
2543,6035,6054,7713,7727
2544,4864,4877,9416,9425
2545,3308,3331,3600,3626
2546,7290,7300,9239,9249
2547,6367,6399,10396,10426
2548,5957,5974,8169,8187
2549,7700,7723,8345,8375
2550,1701,1724,9644,9663
2551,5577,5608,4906,4942
2552,6748,6788,8544,8582
2553,3633,3668,9894,9930
2554,98,129,9507,9552
2555,4848,4873,4868,4903
2556,6905,6938,5012,5040
2557,5206,5233,3737,3774
2558,695,721,5277,5315
2559,5629,5655,5247,5284
2560,4086,4108,5280,5297
2561,4528,4563,7916,7952
2562,5553,5572,5540,5571
2563,1593,1608,9020,9044
2564,2288,2315,5322,5361
2565,3169,3203,10006,10047
2566,2969,3005,5830,5857
2567,6669,6709,7013,7039
2568,5345,5377,5653,5690
2569,6523,6540,4493,4519
2570,5271,5308,8406,8444
2571803835176209
2572,9020,9045,8400,8435
2573,2956,2973,5416,5432
2574,8154,8168,508,532
2575,3925,3961,6228,6264
2576,5952,5978,5298,5334
2577,7275,7287,9224,9235
2578,852,870,6986,7005
2579,8382,8403,7376,7411
2580,5726,5758,10200,10251
2581,4722,4759,10460,10491
2582,4349,4364,3842,3857
2583,7345,7383,5199,5228
2584,2449,2464,6919,6932
2585,4129,4154,5682,5720
2586,1112,1148,10412,10452
2587,1478,1510,3268,3308
2588,6205,6241,10056,10086
2589,5680,5718,72,101
2590,451,483,7804,7840
2591,2598,2632,6592,6624
2592,8986,8997,2205,2215
2593,7174,7198,10533,10548
2594,5284,5313,5706,5750
2595,1694,1726,9580,9617
2596,4600,4639,7941,7975
2597,5748,5778,5239,5280
2598,8319,8346,6840,6867
2599,532,561,7954,7982
2600,6865,6885,9695,9708
2601,8261,8285,9402,9423
2602,5599,5620,5129,5142
2603,5731,5773,8360,8396
2604,2291,2318,3637,3667
2605,9033,9045,6697,6716
2606,2325,2342,6986,7001
2607,8744,8768,5869,5892
2608,2614,2649,6201,6237
2609,983,1007,5374,5411
2610,7395,7426,5149,5186
2611,7229,7259,6425,6455
2612,2887,2900,10240,10253
2613,8415,8443,7283,7323
2614,5771,5805,4658,4695
2615,4938,4965,3497,3531
2616,8511,8537,1161,1198
2617,7435,7453,9092,9109
2618,7456,7488,5099,5134
2619,7350,7366,9168,9192
2620,4164,4189,2860,2891
2621,8388,8416,7281,7317
2622,2973,2988,5416,5432
2623,4857,4890,5913,5943
2624,6837,6881,4940,4972
2625,4390,4427,3637,3664
2626,4273,4305,6148,6177
2627,6652,6674,5131,5169
2628,4350,4367,3825,3844
2629,6961,6984,9645,9675
2630,3781,3837,6750,6785
2631,7010,7024,9163,9184
2632,7245,7266,2583,2617
2633,2502,2562,8761,8799
2634,3199,3224,5185,5220
2635,6202,6237,5290,5323
2636,2214,2238,3358,3394
2637,2108,2124,8947,8964
2638,4368,4394,5283,5315
2639,4237,4267,6105,6144
2640,4647,4661,9997,10016
2641,4272,4303,5322,5347
2642,7698,7729,8323,8347
2643,5456,5489,617,666
2644,4990,5015,5213,5242
2645,0,14,2474,2509
2646,6209,6249,924,960
2647,4177,4201,6826,6860
2648,8445,8479,777,809
2649,3933,3962,4794,4825
2650,684,699,6904,6917
2651,418,454,7379,7416
2652,2987,2997,1371,1391
2653,2693,2717,9563,9599
2654,4447,4480,3991,4026
2655,3629,3644,3846,3863
2656,5372,5403,10496,10529
2657,8705,8747,6186,6236
2658,1,19,556,588
2659,7484,7512,5063,5086
2660,4631,4653,9979,9997
2661,7397,7426,9115,9139
2662,9035,9047,1999,2021
2663,5205,5221,7765,7790
2664,2132,2163,3711,3743
2665,6072,6095,4892,4923
2666,5398,5425,3347,3396
2667,6300,6323,4432,4457
2668,8799,8810,8109,8127
2669,3938,3956,7582,7599
2670,4620,4640,8840,8855
2671,3380,3403,403,426
2672,6418,6456,5086,5133
2673,6129,6158,4554,4586
2674,2883,2900,10224,10242
2675,6059,6099,5054,5084
2676,5560,5583,10540,10548
2677,3518,3532,10363,10377
2678,2599,2635,6882,6915
2679,5877,5902,4256,4285
2680,5805,5830,5227,5258
2681,4113,4134,5293,5314
2682,0,21,2554,2589
2683,5000,5028,3560,3580
2684,751,767,7022,7038
2685,4966,4996,3505,3535
2686,2601,2617,10188,10203
2687,6233,6266,4728,4762
2688,7531,7554,9132,9152
2689,8788,8824,8525,8576
2690,2686,2706,7769,7800
2691,4117,4136,6453,6473
2692,3111,3141,10518,10547
2693,3904,3924,1756,1775
2694,4946,4978,9544,9584
2695,1,21,521,549
2696,4050,4088,5738,5770
2697,2108,2122,9039,9051
2698,2873,2890,9906,9922
2699,2575,2601,5594,5627
2700,8760,8794,3440,3471
2701,7951,7969,8505,8520
2702,2088,2107,9041,9053
2703,7645,7679,8492,8521
2704,2890,2906,9903,9922
2705,7952,7969,8517,8531
2706,795,832,2836,2869
2707,4810,4844,5845,5874
2708,8501,8543,6842,6894
2709,4134,4168,6439,6462
2710,8465,8497,3470,3506
2711,2153,2171,8036,8052
2712,3964,3982,2857,2876
2713,3445,3472,10242,10281
2714,3749,3782,9504,9526
2715,7427,7441,9079,9090
2716,4830,4864,7326,7368
2717,0,16,4980,5007
2718,3287,3298,1501,1517
2719,6096,6104,5164,5172
2720,8197,8205,10345,10355
2721,2962,2980,9846,9863
2722,7933,7977,7837,7870
2723,2457,2473,6936,6954
2724,2163,2180,8940,8952
2725823860551571
2726,3934,3953,7599,7613
2727,9028,9047,3268,3309
2728,7473,7504,10535,10547
2729,8550,8579,3525,3565
2730,0,18,7340,7376
2731,3923,3944,1709,1730
2732,6927,6952,7803,7826
2733,2946,2959,7745,7755
2734,4560,4588,6001,6035
2735,5668,5714,237,287
2736,8810,8822,8112,8129
2737,6018,6048,852,895
2738,5136,5180,5667,5703
2739,6157,6190,4836,4870
2740,5898,5926,5325,5361
2741,698,730,1,13
2742,7094,7124,8180,8204
2743,6539,6555,4492,4516
2744,859,883,6993,7015
2745,5893,5921,4684,4715
2746,9035,9047,3455,3480
2747,2763,2783,2834,2864
2748,3308,3344,3578,3602
2749,6727,6743,8156,8170
2750,4976,5010,4947,4985
2751,3325,3359,1868,1908
2752,3701,3714,9253,9266
2753,7311,7332,10510,10525
2754,3300,3309,1506,1516
2755,2765,2774,821,828
2756,4262,4301,6368,6402
2757,5756,5793,9804,9842
2758,8320,8334,9392,9406
2759,3842,3862,6968,6989
2760,7267,7274,9222,9231
2761,4653,4685,6428,6463
2762,2322,2344,7003,7018
2763,2966,2978,5111,5130
2764,1860,1878,10168,10189
2765,548,580,7157,7204
2766,738,766,5971,5997
2767,1847,1863,10165,10189
2768,429,451,9950,9972
2769,0,15,10098,10124
2770,4284,4314,5802,5831
2771,4397,4432,5382,5409
2772,2335,2347,6996,7007
2773370377716725
2774,7127,7157,5199,5241
2775,4373,4402,6635,6668
2776,8315,8328,9387,9396
2777,7265,7277,9231,9244
2778,8993,9031,2189,2240
2779,4621,4640,8855,8870
2780,6903,6927,9775,9793
2781,6405,6416,10534,10548
2782,0,22,4781,4806
2783,2749,2764,6991,7006
2784,8356,8398,8808,8849
2785,2829,2835,10178,10186
2786,5684,5692,5176,5184
2787,8299,8319,9390,9410
2788,7282,7291,9229,9242
2789,7274,7292,9239,9260
2790,3295,3310,1494,1505
2791,5784,5789,5268,5274
2792,4776,4808,9872,9913
2793,8186,8200,10357,10376
2794,4636,4650,9995,10004
2795,2945,2965,7756,7774
2796,6386,6405,10533,10548
2797,4799,4822,5992,6010
2798,4584,4622,6486,6522
2799,4106,4115,6467,6476
2800,2466,2477,6919,6935
2801,2730,2749,6990,7008
2802,4486,4523,6583,6609
2803,1479,1495,4288,4309
2804,6082,6089,10408,10416
2805,6727,6738,8144,8152
2806,2029,2071,9839,9894
2807,4530,4553,2693,2716
2808,2305,2334,7863,7891
2809,5857,5885,5295,5322
2810,8097,8104,10422,10429
2811,3785,3791,7161,7168
2812,2454,2473,6909,6925
2813,2956,2964,5108,5115
2814,2953,2968,5115,5133
2815,5720,5724,74,78
2816,726,742,5974,5997
2817,3300,3310,1913,1919
2818,1978,1983,10324,10330
2819,2962,2968,7754,7761
2820,4368,4374,9663,9669
2821,7419,7427,9086,9093
2822,3556,3569,6893,6918
2823,1615,1621,7541,7547
2824,2322,2332,7015,7023
2825,1870,1874,10344,10347
2826,3932,3939,7593,7603
2827,8839,8845,792,799
2828,7551,7557,2034,2041
2829,3422,3427,10200,10206
2830,1028,1036,7074,7080
2831,3326,3363,1853,1878
2832,140,147,9008,9014
2833,1009,1020,7065,7077
